Neighbourhood,Assault Rate 2014,Assault Rate 2015,Assault Rate 2016,Assault Rate 2017,Assault Rate 2018,Assault Rate 2019,Assault Rate 2020,Assault Rate 2021,Assault Rate 2022,Assault Rate 2023
Bay-Cloverhill,742.6449585,685.0722656,807.8817749,971.9767456,818.2313843,958.671875,573.7006836,817.256897,647.5985107,745.2112427
Annex,720.6472168,764.3915405,872.9812012,826.3649902,785.2651367,882.7199097,795.6256104,924.6585693,1092.029663,1147.759521
University,1903.949951,2213.65332,1774.724487,2258.292236,1748.785522,1759.410767,1003.117798,1243.243286,1476.708252,1679.005859
Kensington-Chinatown,1764.801147,2029.681396,2033.9729,2251.045166,2265.861084,1935.287231,1969.606079,1879.141479,1849.963623,2270.479004
